{
  "p1_center": {
    "x": 0,
    "y": -5,
    "z": 0
  },
  "p2_center": {
    "x": null,
    "y": null,
    "z": null
  },
  "p1_half": {
    "x": 0.15000000000000002,
    "y": 0.15000000000000002,
    "z": 0.15000000000000002
  },
  "p2_half": {
    "x": 0.15000000000000002,
    "y": 0.15000000000000002,
    "z": 0.15000000000000002
  },
  "p1_pos": {
    "x": 0,
    "y": 0,
    "z": 0
  },
  "p2_pos": {
    "x": null,
    "y": null,
    "z": null
  }
}