{
  "p1_center": {
    "x": 0.22289103419182946,
    "y": -2.2150215157229254,
    "z": 4.9491751628456417e-17
  },
  "p2_center": {
    "x": 0.1886343565927893,
    "y": -2.4635899461339505,
    "z": 4.1885241184933373e-17
  },
  "p1_half": {
    "x": 0.15000000000000002,
    "y": 0.15000000000000002,
    "z": 0
  },
  "p2_half": {
    "x": 0.15000000000000002,
    "y": 0.15000000000000002,
    "z": 0
  },
  "p1_pos": {
    "x": 0,
    "y": 13.924892421385373,
    "z": 1.1144551709591473
  },
  "p2_pos": {
    "x": 0,
    "y": 12.682050269330247,
    "z": 0.9431717829639464
  }
}